{
  "hash": "7e7458df",
  "configHash": "da2cc603",
  "lockfileHash": "10fe9eec",
  "browserHash": "8d989a8d",
  "optimized": {
    "@angular/core": {
      "src": "../../../../../node_modules/@angular/core/fesm2022/core.mjs",
      "file": "@angular_core.js",
      "fileHash": "82004dd1",
      "needsInterop": false
    },
    "@angular/forms": {
      "src": "../../../../../node_modules/@angular/forms/fesm2022/forms.mjs",
      "file": "@angular_forms.js",
      "fileHash": "bd5b43bc",
      "needsInterop": false
    },
    "@angular/platform-browser": {
      "src": "../../../../../node_modules/@angular/platform-browser/fesm2022/platform-browser.mjs",
      "file": "@angular_platform-browser.js",
      "fileHash": "be05367e",
      "needsInterop": false
    },
    "@angular/router": {
      "src": "../../../../../node_modules/@angular/router/fesm2022/router.mjs",
      "file": "@angular_router.js",
      "fileHash": "634118bb",
      "needsInterop": false
    }
  },
  "chunks": {
    "chunk-JGFZTI6B": {
      "file": "chunk-JGFZTI6B.js"
    },
    "chunk-SLSN6WLQ": {
      "file": "chunk-SLSN6WLQ.js"
    },
    "chunk-LYVJBHJR": {
      "file": "chunk-LYVJBHJR.js"
    }
  }
}