{
  "hash": "1a70a889",
  "configHash": "e6daea97",
  "lockfileHash": "e0c7280f",
  "browserHash": "88ecc318",
  "optimized": {
    "@angular/core": {
      "src": "../../../../../node_modules/@angular/core/fesm2022/core.mjs",
      "file": "@angular_core.js",
      "fileHash": "eb771d8b",
      "needsInterop": false
    },
    "@angular/forms": {
      "src": "../../../../../node_modules/@angular/forms/fesm2022/forms.mjs",
      "file": "@angular_forms.js",
      "fileHash": "d7acec01",
      "needsInterop": false
    },
    "@angular/platform-browser": {
      "src": "../../../../../node_modules/@angular/platform-browser/fesm2022/platform-browser.mjs",
      "file": "@angular_platform-browser.js",
      "fileHash": "25dcebb0",
      "needsInterop": false
    },
    "@angular/router": {
      "src": "../../../../../node_modules/@angular/router/fesm2022/router.mjs",
      "file": "@angular_router.js",
      "fileHash": "465ff9d5",
      "needsInterop": false
    }
  },
  "chunks": {
    "chunk-UVRMZBJX": {
      "file": "chunk-UVRMZBJX.js"
    },
    "chunk-VVDEPTVT": {
      "file": "chunk-VVDEPTVT.js"
    },
    "chunk-3V2WW6I2": {
      "file": "chunk-3V2WW6I2.js"
    }
  }
}