{
  "hash": "7480432f",
  "configHash": "f0358150",
  "lockfileHash": "71d8eeb6",
  "browserHash": "2999ce53",
  "optimized": {
    "@angular/common/http": {
      "src": "../../../../../../node_modules/@angular/common/fesm2022/http.mjs",
      "file": "@angular_common_http.js",
      "fileHash": "49a51c4d",
      "needsInterop": false
    },
    "@angular/core": {
      "src": "../../../../../../node_modules/@angular/core/fesm2022/core.mjs",
      "file": "@angular_core.js",
      "fileHash": "8827cd92",
      "needsInterop": false
    },
    "@angular/platform-browser": {
      "src": "../../../../../../node_modules/@angular/platform-browser/fesm2022/platform-browser.mjs",
      "file": "@angular_platform-browser.js",
      "fileHash": "194cde2a",
      "needsInterop": false
    },
    "@angular/router": {
      "src": "../../../../../../node_modules/@angular/router/fesm2022/router.mjs",
      "file": "@angular_router.js",
      "fileHash": "c38d9221",
      "needsInterop": false
    },
    "@angular/forms": {
      "src": "../../../../../../node_modules/@angular/forms/fesm2022/forms.mjs",
      "file": "@angular_forms.js",
      "fileHash": "525a9a7d",
      "needsInterop": false
    },
    "rxjs": {
      "src": "../../../../../../node_modules/rxjs/dist/esm5/index.js",
      "file": "rxjs.js",
      "fileHash": "8faf7288",
      "needsInterop": false
    },
    "socket.io-client": {
      "src": "../../../../../../node_modules/socket.io-client/build/esm/index.js",
      "file": "socket__io-client.js",
      "fileHash": "d38eee17",
      "needsInterop": false
    }
  },
  "chunks": {
    "chunk-TPSKZDMK": {
      "file": "chunk-TPSKZDMK.js"
    },
    "chunk-553KJRVP": {
      "file": "chunk-553KJRVP.js"
    },
    "chunk-Z4UX3SDN": {
      "file": "chunk-Z4UX3SDN.js"
    },
    "chunk-7JKCKWNQ": {
      "file": "chunk-7JKCKWNQ.js"
    },
    "chunk-GM2YTKEO": {
      "file": "chunk-GM2YTKEO.js"
    },
    "chunk-XWLXMCJQ": {
      "file": "chunk-XWLXMCJQ.js"
    }
  }
}